<?xml version="1.0" encoding="UTF-8"?>
<configuration>
    <appender name="CONSOLE" class="ch.qos.logback.core.ConsoleAppender">
        <encoder>
            <!--格式化输出：%d表示日期，%thread表示线程名，%-5level：级别从左显示5个字符宽度%msg：日志消息，%n是换行符-->
            <pattern>%d{yyyy-MM-dd HH:mm:ss.SSS} [%thread] %-5level %logger{50} - %msg%n</pattern>
            <charset>GBK</charset>
        </encoder>
    </appender>
    <logger name="springboot.mapper" level="DEBUG"/>
    <root level="INFO">
        <appender-ref ref="CONSOLE" />
    </root>
</configuration>
